name,url,investments,company,tags,linkedin,email
Nuo Yan,https://angel.co/nuo-yan,0,Software Engineer at @Pinterest • Worked at @Chef and @Livestar (acquired by Pinterest) • Studied at @UW,San Francisco · Robotics,SKIP,
Philippe Dauman Jr.,https://angel.co/philippe-dauman-jr,9,"Experienced NY-based team-builder, operator, and general manager of tech product businesses. Formerly @TRAY, @Twitter, and @Google.",New York City · Mobile Commerce,SKIP,
Sophia Collier,https://angel.co/sophia-collier,14,"Active investor with executive positions and successful startups and exits in consumer products, financial services and technology",Austin · Consumer,SKIP,
Peter Wilkins,https://angel.co/peter-wilkins,14,"Managing Director of Hyde Park Angels, largest angel group in the Midwest. Founded, built, and turned around companies in multiple industries. Purpose-driven.",Ann Arbor · B2B,SKIP,
Kevin Dunlap,https://angel.co/kevin-dunlap,7,"Parter @ Calibrate Ventures. Investor, engineer, nerd.....",Orange County · Robotics,SKIP,
Jonathan Ellis,https://angel.co/ellisjr,24,"Angel Investor, Founder & Managing Director at @Sandalphon Capital",Midwest · B2B,SKIP,
Todd Swanson,https://angel.co/tqswanson,5,"Investor, board member, advisor. Angel, private & public equity. @Thoma Cressey Bravo , @Third Point, @Stanford GSB, @CPA, @CFA. Invested @Thumbtack, @Mucker.",California · B2B,SKIP,
Adam Fried,https://angel.co/adamjfried,5,Investor in all things interesting,New York City · B2B,SKIP,
Ben Balbale,https://angel.co/bbalbale,3,"Managing Director, Matrix Capital Management",Massachusetts · Consumer,SKIP,
Adam B. Struck,https://angel.co/adam-struck,18,"GP @Struck Capital ; Forbes 30 Under 30; Esq. @Kirkland and Ellis ; Founder @LongIslandBrandBeverages ; @Northwestern University , @Georgetown University",Los Angeles · B2B,SKIP,
Brock Saunders,https://angel.co/brock-saunders,9,"Principal, Summit Action Fund",Virginia · Restaurants,SKIP,
Mark Weissman,https://angel.co/mark-weissman,10,"I am a practicing physician in Florida and President of the primary care group practice. Invested in oil, entertainment, real estate. Avid sports fan.",Tampa · Consumer,SKIP,
