name,url,investments,company,tags,linkedin,email
Tyler Martin,https://angel.co/tylermartin-sanjose,14,Operations executive with 20+ years working with early stage companies.,Silicon Valley · Wearables,https://www.linkedin.com/in/tylermartinsanjose,null
Juan Dulanto,https://angel.co/juan-dulanto,0,EIR @500 Startups LatAm Co-Founder/COO/Growth @Washio Advisor @Augmented Intelligence Academy Advisor @ShadesDaddy Co-Founder @ Pura Vida Juice Bars,Mexico City · SaaS,https://www.linkedin.com/in/jdulanto/,null
Rodrigo Quinalha,https://angel.co/rodrigo-quinalha,0,"Start Ups - CoFounder & Mentor & Investor Investor Over +15 StartUps across Brazil, Latin America, USA Head of Digital Innovation and Start Ups - KICK Ventures",Brazil · B2B,,null
Max Valledor,https://angel.co/max-valledor,26,2006 TIME Person of the Year. Brain geek. Corp strategist & s-up mentor. Investor. Homages to Prof David Hubel & James B. Lee.,London · Biotechnology,https://www.linkedin.com/in/max,null
Avant Global,https://angel.co/avantglobal,19,"Avant Global is a leading business advisory and early-stage venture capital firm headquartered in Santa Barbara, CA with partner offices worldwide.",Santa Barbara · Robotics,,null
Bipul Sinha,https://angel.co/bipulsinha,9,Partner at @Lightspeed Venture Partners,California · Data Center Automation,http://www.linkedin.com/in/bipulsinha,null
Jeremy Stoppelman,https://angel.co/jeremys,33,Co-founder and CEO of @Yelp,San Francisco · Consumer Internet,http://www.linkedin.com/in/jeremystoppelman,null
David Shen,https://angel.co/dshen,27,"West Coast Director for @LaunchCapital. I hail from @Apple, frogdesign, and @Yahoo. Mentor at @500 Startups",Palo Alto · B2B,BLOCKED,
Robert Simon,https://angel.co/rsimon,22,"Investor in @Dogster, @Carwoo, @Pulpo Media, @SideReel, @KlickNation, @Peanut Labs.",San Francisco · Social Games,SKIP,
Brandon Leonardo,https://angel.co/brandon,0,"Founder @Instacart. Early @AngelList engineer. Hack of all trades, master of awesome.",San Francisco · Open Source,SKIP,
Tony Conrad,https://angel.co/tonysphere,26,"Founder @about.me, Sphere; @True Ventures Automattic (WordPress), MakerBot, Typekit, Blue Bottle Coffee; Serious Parking @Karma & Drip Coffee Skills",San Francisco · Location Based Services,SKIP,
Jim Andelman,https://angel.co/jimandelman,13,"Co-founder of @Rincon Venture Partners. Investor in @Burstly, @SHIFT, @SteelHouse, @Jazz, @DataPop, etc.",Los Angeles · Ad Targeting,SKIP,
Jason Stoffer,https://angel.co/jstoffer,17,General Partner at @Maveron,Seattle · Location Based Services,SKIP,
Sim Blaustein,https://angel.co/sblaustein,19,Partner at @BDMI,New York City · Language Learning,SKIP,
Manu Kumar,https://angel.co/manukumar,20,"Founder and Chief Firestarter @K9 Ventures, Founder @Carta, @CardMunch, @hihello-1 @Stanford University alum, @Carnegie Mellon University alum,",Palo Alto · B2B,SKIP,
Ofer Ronen,https://angel.co/oferronen,8,"CEO of Pulse.io. Former CEO of @Sendori; sold to @Ask.com. Mentor @Stanford, @Berkeley. Investor in @Klout, @RolePoint. MS/BS Comp Eng @Umich. MBA @Cornell University",San Francisco · Real Time,SKIP,
Ty Danco,https://angel.co/tydanco,126,"Founder, eSecLending and BuysideFX. Love ethereum, mobile, fintech.",Burlington · Medical Devices,SKIP,
Joe Medved,https://angel.co/joevc,23,"@Lerer Hippeau Ventures , Brandery Advisor",New York City · Advertising Platforms,SKIP,
Siobhan Quinn,https://angel.co/siobhanquinn,3,,San Francisco · Pets,SKIP,
Pejman Nozad,https://angel.co/pnozad,79,"Founder Pear.vc, @Dropbox @Lending Club @Gusto @SoundHound @Addepar @DoorDash @Branch @Guardant Health @BetterWorks",Menlo Park · Information Technology,SKIP,
Sam Decker,https://angel.co/samdecker,12,"Founder/CEO @Mass Relevance, Founding CMO @Bazaarvoice, Co-founder @capital-factory, 7-year Dell Exec, 5 startups B2B & B2C (product, marketing, biz dev), author.",Austin · B2B,SKIP,
Jeremy Levine,https://angel.co/jerlevine,32,Founder/CEO @DRAFT. Investor in 40+ startups.,New York City · Fantasy Sports,SKIP,
James Hong,https://angel.co/jhong,48,"Founder of HOTorNOT.com, Angel Investor.",Menlo Park · E-Commerce,SKIP,
Rich Miner,https://angel.co/richminer,15,Partner at @GV,Cambridge · Speech Recognition,SKIP,
Paige Craig,https://angel.co/paigecraig,92,"VC at Arena Ventures; former angel 100+ deals (Angellist, WIsh, Lyft, Twitter, Postmates). Drove into Iraq alone in 2003 to start first company. US Marine Corps",Las Vegas · Real Time,SKIP,
Prerna Gupta and Parag Chordia,https://angel.co/prernagupta,8,"We start companies & invest together. CEO & CTO @HOOKED. Write for NYT, TC, Vogue. Formerly CPO & Chief Scientist @Smule. Stanford grads.",San Francisco · Synthetic Biology,SKIP,
Arjun Sethi,https://angel.co/arjunsethi,38,"Founder @MessageMe, @Lolapps • Worked at @Social Capital, @Tapjoy • Studied at @University of Maryland, College Park",Palo Alto · Networking,SKIP,
Marc Nathan,https://angel.co/marc1919,4,VP Client Services at http://www.milleregan.com/professionals/marc-nathan/ helping fundraising strategy. Texas-Squared Startup Newsletter: www.eepurl.com/bxzI-X,Austin · Digital Media,SKIP,
Drew Smith,https://angel.co/drewcsmith,18,"Angel Investor. Extensive investing, corporate development, and strategy experience in senior roles at @Intel Capital, McKinsey, and Tripwire.",Portland · Media,SKIP,
Dave Whorton,https://angel.co/dwhorton,17,Supporting Evergreen Entrepreneurs,Palo Alto · Industrial,SKIP,
Vikas Gupta,https://angel.co/vikasgupta,15,"Founder/CEO @Wonder Workshop. Former Head of Consumer Payments at @Google, Founder/CEO of @Jambool (acquired by @Google), ex-Amazon.",Palo Alto · Robotics,SKIP,
Howard Lindzon,https://angel.co/howardlindzon,68,"Public & private market investor. Founder/CEO, @StockTwits. General Partner-Social Leverage. Creator of Wallstrip. Popcorn lover. Investing for profit and joy.",San Diego · iPhone,SKIP,
Jim Young,https://angel.co/jimydotorg,26,"Founder HotOrNot, i/o ventures. Ph.D Berkeley EECS.",San Francisco · Application Platforms,SKIP,
Eileen Burbidge,https://angel.co/eileentso,32,"Partner at @Passion Capital and Co-founder @White Bear Yard (London). Online identities: Eileen Tso, Eileen Broch, Eileen Burbidge",London · B2B,SKIP,
Shuja Keen,https://angel.co/keen,9,"AL Syndicator; Angel Investor • Managing Director at @trg-holdings • Studied at @Massachusetts Institute of Technology, @MIT Sloan School of Management",San Francisco · Healthcare,SKIP,
Charlie Kemper,https://angel.co/ckemper,59,"Entrepreneur turned VC @Beta Bridge Capital prev @Revel Partners, @Entrepreneurs Roundtable Accelerator, @Steelpoint Capital, @Darby Technology Ventures, @KMF",London · Fitness,SKIP,
Katie Rae,https://angel.co/ktrae,4,Community Builder. Angel. Project 11. Tech Stars Boston.,Boston · Internet,SKIP,
Rick Marini,https://angel.co/rmarini,71,3-time Founder. Angel investor in 40+ companies: @Snapchat @AngelList @Reddit @AltSchool @august @Poshmark @Opendoor @Gigster @Forward @HOOKED @HONK,San Francisco · Marketplaces,SKIP,
Scott and Cyan Banister,https://angel.co/cyantist,210,Seed investors; Founder @IronPort @Topsy; Board Member @PayPal @Postmates,San Francisco · Medical Devices,SKIP,
Antonio Rodriguez,https://angel.co/antrod,3,General Partner at @Matrix Partners,Boston · Location Based Services,SKIP,
Bradley Horowitz,https://angel.co/elatable,6,VP Product at @Google,Palo Alto · Information Technology,SKIP,
Will Herman,https://angel.co/willherman,41,"Mentor, advisor, director and angel investor. 5x founder: Innoveda and Viewlogic. Advisor at Bolt. Mentor at Techstars. http://www.2-speed.com",Boston · Location Based Services,SKIP,
Alan Warms,https://angel.co/alanwarms,7,"Sold BuzzTracker to Yahoo (VP Yahoo News) Investor/Publisher/Director RealClearPolitics Investor/Director Yidio INc. Previous: Hydroflask, Stocktwits, ...",Chicago · Digital Media,SKIP,
Peter Lee,https://angel.co/ptlee,19,Partner at Baroda Ventures,Los Angeles · SaaS,SKIP,
George Zachary,https://angel.co/georgezachary,39,A venture capitalist that invests in who we are and who we are becoming.,Menlo Park · Location Based Services,SKIP,
Hadi Partovi,https://angel.co/hpartovi,48,Startup investor/advisor and former entrepreneur,Seattle · Energy Efficiency,SKIP,
