name,url,investments,company,tags,linkedin,email
Seth Goldstein,https://angel.co/sethgoldstein-gmail-com,25,Founder. CEO. Angel. VC. LP. Coach @Crossfader @Turntable.fm @Flatiron Partners @Majestic Research @delicious @Appjet @Gumroad @Betaworks @SiteSpecific,San Francisco · Location Based Services,SKIP,
Ron Bouganim,https://angel.co/ronboug,4,Founder and Manging Partner of the Govtech Fund: the first-ever venture fund focused on government technology startups.,Silicon Valley · B2B,SKIP,
Matt French,https://angel.co/mattfrench,5,"Investor in @ShareSquare (BEASTMODE.FM), @LaughStub.",Los Angeles · Online Reservations,SKIP,
Darren Bechtel,https://angel.co/dbechtel,29,"Founder of @Brick & Mortar Ventures , @South Park Ventures • Former CEO, Encapsule Medical • @Stanford University MBA + B.S. in ME/Product Design",San Francisco · Construction,SKIP,
Bubs / Darius A Monsef IV,https://angel.co/bubs,5,Founded @CreativeMarket + @COLOURlovers Founder & Board of Hands.org ADSK / MSFT / YC Alum. Advisor + Investor.,San Francisco · Kids,SKIP,
Josef Mueller,https://angel.co/josef-mueller,14,"Executive, Entrepreneur, Board Member",Boston · Renewable Energies,SKIP,
Craig Brooks,https://angel.co/craig-brooks-1,9,"Member of Maverick Angels, HBS Angels, CEO of two life science start ups.",Los Angeles · Medical Devices,SKIP,
Brew Johnson,https://angel.co/brew-1,5,Founder & CEO: PeerStreet.,United States · Real Estate,SKIP,
Brad Langston,https://angel.co/brad-langston,5,Investor and Entrepreneur,New York · Fitness,SKIP,
Patrick Sulitzer,https://angel.co/patrick-sulitzer,13,"Founded mail order company, managed for 20 years before exit.",France · Space Travel,SKIP,
Brendan Ciecko,https://angel.co/brendan-ciecko,4,Founder & CEO @Cuseum (Techstars '15),Boston · Internet of Things,SKIP,
Drew Sharma,https://angel.co/drew-sharma,8,"Currently Co-Founder TravelInsurance.com. Founded CarInsuranceQuotes.com (acquired by Bankrate), Mindfire Interactive (acquired) and many other ventures/exits.",Santa Barbara · Insurance,SKIP,
Peter Pastewka,https://angel.co/peter-pastewka,6,"Retired lawyer with 33 years experience in private practice and as General Counsel, worked in numerous industries and has provided mentor function and assistance for companies in various stages of growth.",Los Angeles · 3D Printing,SKIP,
LaLa Wang,https://angel.co/lala-wang,10,"Real estate tech, broker. Interested in real estate, disruptive legal and pet rescue initiatives.",New York · Pets,SKIP,
Claudia Marciniak,https://angel.co/claudia-marciniak,8,"Senior Vice President at U.S. Bank, Board of Directors for Opportunity Knocks",Illinois · Personal Finance,SKIP,
Josh Burwick,https://angel.co/josh-sandhilleast-net,15,@roomi @msg.ai @thewing @Tattle @Pivit @Fab.com (exit) @StreetContxt @TrueFacet @Trytheworld @Sandhilleast @Moore Capital Management @Goldman Sachs,Darien · SaaS,SKIP,
Ryan Freedman,https://angel.co/ryanfreedman,2,"CEO of Corigin Ventures, a provider of capital to entrepreneurs focused on transforming the status quo of an industry through the use of technology.",New York City · Consumer Lending,SKIP,
Sandro Salsano,https://angel.co/sandro-salsano,12,Angel and VC @Harvard Business School. YGL,Panama City · Small and Medium Businesses,SKIP,
Sanjay Baldwa,https://angel.co/sanjay-baldwa,7,"Various product roles at Adobe, TIBCO, Oracle",Silicon Valley · Cloud Computing,SKIP,
Chris Cook,https://angel.co/chris-cook,9,Work at @UBS Investment Bank. Indiana University MBA 2005. United States Naval Academy BS Aerospace Engineering 1995. Chartered Financial Analyst charter holder,Fairfield · Investment Management,SKIP,
Christopher Harding,https://angel.co/chrisharding,7,“The ultimate test of man's conscience may be his willingness to sacrifice something today for future generations whose words of thanks will not be heard.”,West Palm Beach · Mobile Commerce,SKIP,
Ben Eastman,https://angel.co/investorsunite,38,"Aussie RE Investor, Entrepreneur, World Traveler, Angel investor in 40 + companies, started investing at age 18 in Tasmania Australia. Resides in San Diego CA.",SaaS,SKIP,
John Bradner,https://angel.co/john-bradner,9,,Atlanta · Medical Devices,SKIP,
Tibor Nagygyörgy,https://angel.co/nagygyorgy,20,"Founder @Biggeorge Holding • Studied at @London Business School School, @Nottingham Trent University, MBA, MSc Re, Serial entrepreneur, investor, +25 yrs exp.",London · Mobile Payments,SKIP,
Jude Rolfes,https://angel.co/jude-rolfes,5,Houston based energy executive.,United States · Internet of Things,SKIP,
Tyler Winklevoss,https://angel.co/tyler,48,Co-Founder & CEO @Gemini • Principal @Winklevoss Capital,San Francisco · Location Based Services,SKIP,
Daniel Dykens,https://angel.co/daniel-dykens,4,"Former Hedge Fund portfolio manager. Serial entrepreneur co-founded Norbury Financial Systems, Founded Meet the Street and sold to Instinet. Currently CEO of VC backed FinTech start up ClearMomentum and member of Irish Angels.",Rochester · Crowdsourcing,SKIP,
Pedro Torres,https://angel.co/pedro-torres,3,"CEO of Stoneleaf Partners LLC focusing in real estate projects in the NY Metro Area. From 2006 to 2011, large investor and board member of DotMenu Inc.",Connecticut · Real Estate,SKIP,
Alexander Davis,https://angel.co/alexander-davis,7,"Founder and CEO, Disruptive Technology Advisers LLC",California · Enterprise Security,SKIP,
Harshit Imudianda,https://angel.co/harshit-imudianda,2,"Products, 3D Maps at Apple",San Francisco · Mobile Payments,SKIP,
Court Westcott,https://angel.co/court-westcott,13,"We are a family office in Dallas, Texas that specializes in technology, real estate and subscription based business. Currently are Angel investment focus is on Augmented Reality",Los Angeles · Synthetic Biology,SKIP,
