name,url,investments,company,tags,linkedin,email
Ei-Nyung Choi,https://angel.co/einyung,1,"Software engineer at Bay Area startups since '98, with three exits. I value collaborative teams, innovation, fearlessness, and a hunger to succeed. MIT grad.",Oakland · Location Based Services,http://www.linkedin.com/pub/ei-nyung-choi/0/162/208,
Matthew Maly,https://angel.co/matthew_maly,0,"A Win-Win guy. Founder of PsyClue, an app that teaches to think Win-Win and DoGoodity, a good deeds network. 5 books. @Yale University, @Columbia University",Kyivs'ka oblast · Politics,https://www.linkedin.com/in/matthewmaly,null
Dip Ghuman,https://angel.co/dipghuman,1,"Corporate Development @Indeed. Founded @Near, @Veritas Quo. Experience with @Google @Reddit & @Lonely Planet. Studied @University of California, Irvine.",San Francisco · Film Production,http://www.linkedin.com/in/dipghuman,null
Runmin Xu,https://angel.co/runmin-xu,5,Master Computer Science from MIT Master Transportation from MIT Real Estate Investor,Massachusetts · Social Media Platforms,http://www.linkedin.com/pub/runmin-xu/3b/819/80a,
Russell Hinds,https://angel.co/russell-hinds,17,"Managing Director, RSH Ventures",Austin · Facebook Applications,http://www.linkedin.com/pub/russell-hinds/12/855/773,null
David Lichtblau,https://angel.co/david-lichtblau,5,CEO @ETF.com (sold to @BATS Global Markets); VP Product/Mktg @Starmine (sold to @Reuters); Co-founder @Stanford Technology Group (sold to IBM). BSEE Stanford.,San Francisco · Synthetic Biology,https://www.linkedin.com/in/davidlichtblau,david_lichtblau@yahoo.com
Ryan Craver,https://angel.co/ryanmcraver-gmail-com,11,Retail and digital exec building brands fueled by retail tech startups. Former @lordandtaylor and @Accenture strategist.,Toronto · Robotics,http://www.linkedin.com/in/ryanmcraver,ryanmcraver@gmail.com
Debbie Levi,https://angel.co/debbie-levi,36,VC Business Development at AWS,New York City · B2B,http://www.linkedin.com/in/deblevi,debbie@jalventures.com
Mac Harman,https://angel.co/mac-harman,23,Entrepreneur,Silicon Valley · Social Commerce,http://www.linkedin.com/in/macharman,harman@balsambrands.com
Mike Paulus,https://angel.co/mike-paulus,5,EIR at Formation 8. President of Addepar. Senior Associate at Anduin. Undergrad (Econ) and Masters (MS&E) at @Stanford University.,United States · Clean Technology,,null
