name,url,investments,company,tags,linkedin,email
Shane Hinds,https://angel.co/shane-hinds,25,Christian/Entrepreneur/Founder/Investor.,Austin · Crowdsourcing,https://www.linkedin.com/in/shanehinds,sshinds@bellsouth.net
Traveon Rogers,https://angel.co/traveonrogers,7,"Founder of @Royal Klasse • Investor of @Snapchat, @Blue Apron, @FlightCar, @Asana, @Vamo, @Eyegroove, & etc • Ex-NFL Player • Ex-Nike T&F Athlete",Dallas · B2B,SKIP,
Gowthaman Ranganathan,https://angel.co/gowthamanr,3,"Business owner, Oracle Alumni",Silicon Valley · Small and Medium Businesses,https://www.linkedin.com/in/gowthamanr,
Manu Kumar,https://angel.co/manukumar,20,"Founder and Chief Firestarter @K9 Ventures, Founder @Carta, @CardMunch, @hihello-1 @Stanford University alum, @Carnegie Mellon University alum,",Palo Alto · B2B,SKIP,
Peter Chane,https://angel.co/peterchane,15,"Sr. Director, SMB products Director, Google Fiber Former Director, BD for Google Chromebooks Product Manager",Menlo Park · Medical Devices,http://www.linkedin.com/in/peterchane,
Kal Vepuri,https://angel.co/kal,85,Founder @Brainchild & Co. and @Brainchild Holdings,New York City · All Markets,http://www.linkedin.com/in/kalvepuri,
Dharmesh Shah,https://angel.co/dharmesh,82,Founder and CTO of @HubSpot and blogger at OnStartups.com,Boston · Small and Medium Businesses,http://www.linkedin.com/in/dharmesh,
Seth Goldstein,https://angel.co/sethgoldstein-gmail-com,25,Founder. CEO. Angel. VC. LP. Coach @Crossfader @Turntable.fm @Flatiron Partners @Majestic Research @delicious @Appjet @Gumroad @Betaworks @SiteSpecific,San Francisco · Location Based Services,SKIP,
Ron Bouganim,https://angel.co/ronboug,4,Founder and Manging Partner of the Govtech Fund: the first-ever venture fund focused on government technology startups.,Silicon Valley · B2B,SKIP,
Bart Lorang,https://angel.co/bartlorang,38,"Entrepeneur, Tech Nerd; CEO and Co-Founder of @FullContact. Managing Director @v1.vc Passionate about helping entrepreneurs.",Boulder · B2B,http://www.linkedin.com/in/bartlorang,
Matt French,https://angel.co/mattfrench,5,"Investor in @ShareSquare (BEASTMODE.FM), @LaughStub.",Los Angeles · Online Reservations,SKIP,
Darren Bechtel,https://angel.co/dbechtel,29,"Founder of @Brick & Mortar Ventures , @South Park Ventures • Former CEO, Encapsule Medical • @Stanford University MBA + B.S. in ME/Product Design",San Francisco · Construction,SKIP,
Brad Holden,https://angel.co/bradh,43,Angel/Seed BD for AWS & Venture Partner @TomorrowVentures,Palo Alto · SaaS,http://www.linkedin.com/pub/brad-holden/a/31a/85b,
Bubs / Darius A Monsef IV,https://angel.co/bubs,5,Founded @CreativeMarket + @COLOURlovers Founder & Board of Hands.org ADSK / MSFT / YC Alum. Advisor + Investor.,San Francisco · Kids,SKIP,
Garry Tan,https://angel.co/garrytan,118,"Managing Partner, Initialized Capital. Previously Partner at Y Combinator, funded/advised 600 startups. Cofounder @Posterous (Acq by @Twitter).",Mountain View · Photo Sharing,http://www.linkedin.com/in/garrytan,
Josef Mueller,https://angel.co/josef-mueller,14,"Executive, Entrepreneur, Board Member",Boston · Renewable Energies,SKIP,
Craig Brooks,https://angel.co/craig-brooks-1,9,"Member of Maverick Angels, HBS Angels, CEO of two life science start ups.",Los Angeles · Medical Devices,SKIP,
Brew Johnson,https://angel.co/brew-1,5,Founder & CEO: PeerStreet.,United States · Real Estate,SKIP,
Brad Langston,https://angel.co/brad-langston,5,Investor and Entrepreneur,New York · Fitness,SKIP,
Michael Ciklin,https://angel.co/michael-ciklin,4,"Investor @ShareRoot, @I Done This, @Hullabalu, @wedgies, @credfm, Advisor @Primeloop Studied at @Princeton University, UF JD/MBA/MRE",Nashville · Visualization,http://www.linkedin.com/pub/michael-ciklin/3/450/968,null
Ben Lam,https://angel.co/yl7777,6,Hong Kong/Tokyo/Angel Investor,Hong Kong · All Markets,,null
"Hilton Augustine, Jr.",https://angel.co/hilton-augustine-jr,9,"Funding for disruptive technologies. investments include Hinge, Dryft, Cota, Zoobean, Speek, OmniSpeech, Shop Genius, SnobSwap, MyQVO, Terbium and SpeechTrans.",Bethesda · Nanotechnology,http://www.linkedin.com/in/hiltonaugustinejr,null
Patrick Sulitzer,https://angel.co/patrick-sulitzer,13,"Founded mail order company, managed for 20 years before exit.",France · Space Travel,SKIP,
Brendan Ciecko,https://angel.co/brendan-ciecko,4,Founder & CEO @Cuseum (Techstars '15),Boston · Internet of Things,SKIP,
"Ezz-Eldin Moukamal, MD, FHM",https://angel.co/ezz-eldin,15,"Member of Blue Tree Allied Angels, Associate @biostratica Medical Director Hospital Associates of Pittsburgh.",Pittsburgh · Medical Devices,SKIP,
Claudia Marciniak,https://angel.co/claudia-marciniak,8,"Senior Vice President at U.S. Bank, Board of Directors for Opportunity Knocks",Illinois · Personal Finance,SKIP,
Oluwole and Ellen Amudipe,https://angel.co/oluwole-ellen-amudipe,14,,Philadelphia · Medical Devices,null,
Josh Burwick,https://angel.co/josh-sandhilleast-net,15,@roomi @msg.ai @thewing @Tattle @Pivit @Fab.com (exit) @StreetContxt @TrueFacet @Trytheworld @Sandhilleast @Moore Capital Management @Goldman Sachs,Darien · SaaS,SKIP,
Amir Mortazavi,https://angel.co/amir-mortazavi,11,"Cofounder of CANOPY (shared workspace), founder of real estate develop|design|build firm M-PROJECTS, angel investor, art collector.",San Francisco · All Markets,null,
Ryan Freedman,https://angel.co/ryanfreedman,2,"CEO of Corigin Ventures, a provider of capital to entrepreneurs focused on transforming the status quo of an industry through the use of technology.",New York City · Consumer Lending,SKIP,
Sandro Salsano,https://angel.co/sandro-salsano,12,Angel and VC @Harvard Business School. YGL,Panama City · Small and Medium Businesses,SKIP,
Jeff Weiner,https://angel.co/jeff-weiner,9,Entrepreneur and Investor,San Francisco · All Markets,null,
Christopher Thorpe,https://angel.co/christopher-thorpe,6,"Viaweb->@Yahoo, @Tellme; Harvard PhD in crypto+auctions+finance; @Babel Research, @Blueleaf.",San Francisco · Content Syndication,http://www.linkedin.com/in/cthorpe,null
Sanjay Baldwa,https://angel.co/sanjay-baldwa,7,"Various product roles at Adobe, TIBCO, Oracle",Silicon Valley · Cloud Computing,SKIP,
Chris Cook,https://angel.co/chris-cook,9,Work at @UBS Investment Bank. Indiana University MBA 2005. United States Naval Academy BS Aerospace Engineering 1995. Chartered Financial Analyst charter holder,Fairfield · Investment Management,SKIP,
Christopher Harding,https://angel.co/chrisharding,7,“The ultimate test of man's conscience may be his willingness to sacrifice something today for future generations whose words of thanks will not be heard.”,West Palm Beach · Mobile Commerce,SKIP,
Ben Eastman,https://angel.co/investorsunite,38,"Aussie RE Investor, Entrepreneur, World Traveler, Angel investor in 40 + companies, started investing at age 18 in Tasmania Australia. Resides in San Diego CA.",SaaS,SKIP,
John Bradner,https://angel.co/john-bradner,9,,Atlanta · Medical Devices,SKIP,
Tibor Nagygyörgy,https://angel.co/nagygyorgy,20,"Founder @Biggeorge Holding • Studied at @London Business School School, @Nottingham Trent University, MBA, MSc Re, Serial entrepreneur, investor, +25 yrs exp.",London · Mobile Payments,SKIP,
Jude Rolfes,https://angel.co/jude-rolfes,5,Houston based energy executive.,United States · Internet of Things,SKIP,
Chris LoPresti,https://angel.co/chris-lopresti,20,Co-founder @TouchPoints & @Bonnie • Investor in over 30 startups including @Cleversafe • Author of INSIGHTS • Venture Strategist @BattersonVC,Mobile · B2B,http://www.linkedin.com/in/christopherlopresti,null
Tyler Winklevoss,https://angel.co/tyler,48,Co-Founder & CEO @Gemini • Principal @Winklevoss Capital,San Francisco · Location Based Services,SKIP,
Daniel Dykens,https://angel.co/daniel-dykens,4,"Former Hedge Fund portfolio manager. Serial entrepreneur co-founded Norbury Financial Systems, Founded Meet the Street and sold to Instinet. Currently CEO of VC backed FinTech start up ClearMomentum and member of Irish Angels.",Rochester · Crowdsourcing,SKIP,
Pedro Torres,https://angel.co/pedro-torres,3,"CEO of Stoneleaf Partners LLC focusing in real estate projects in the NY Metro Area. From 2006 to 2011, large investor and board member of DotMenu Inc.",Connecticut · Real Estate,SKIP,
Greg Eger,https://angel.co/greg-eger,6,Developer of over $400 million of institutional quality real estate investments,Los Altos · Clean Technology,http://www.linkedin.com/pub/greg-eger/71/239/880,null
Alexander Davis,https://angel.co/alexander-davis,7,"Founder and CEO, Disruptive Technology Advisers LLC",California · Enterprise Security,SKIP,
Harshit Imudianda,https://angel.co/harshit-imudianda,2,"Products, 3D Maps at Apple",San Francisco · Mobile Payments,SKIP,
Court Westcott,https://angel.co/court-westcott,13,"We are a family office in Dallas, Texas that specializes in technology, real estate and subscription based business. Currently are Angel investment focus is on Augmented Reality",Los Angeles · Synthetic Biology,SKIP,
