name,url,investments,company,tags,linkedin
Stephanie Cecere,https://angel.co/stephcecere,9,Angel investor,Medical Devices,SKIP
Randy Zimnoch,https://angel.co/randy-zimnoch,9,"Co-Founded Realty National Inc., Partner in CT Homes LLC, Co-Founded New Jersey Real Estate Social Network,",California · Real Estate Investors,SKIP
Josh Burwick,https://angel.co/josh-sandhilleast-net,15,@roomi @msg.ai @thewing @Tattle @Pivit @Fab.com (exit) @StreetContxt @TrueFacet @Trytheworld @Sandhilleast @Moore Capital Management @Goldman Sachs,Darien · SaaS,SKIP
Solomon G,https://angel.co/solomong,19,"Interested in real estate, real estate lending and cannabis startups in addition to cannabis dispensaries.",San Francisco · Financial Exchanges,SKIP
Chris Cook,https://angel.co/chris-cook,9,Work at @UBS Investment Bank. Indiana University MBA 2005. United States Naval Academy BS Aerospace Engineering 1995. Chartered Financial Analyst charter holder,Fairfield · Investment Management,SKIP
Christopher Harding,https://angel.co/chrisharding,7,“The ultimate test of man's conscience may be his willingness to sacrifice something today for future generations whose words of thanks will not be heard.”,West Palm Beach · Mobile Commerce,SKIP
Shane Hinds,https://angel.co/shane-hinds,25,Christian/Entrepreneur/Founder/Investor.,Austin · Crowdsourcing,https://www.linkedin.com/in/shanehinds
George Lembersky,https://angel.co/georgelembersky,18,Analyzer & Computer Programmer,San Diego · Energy Efficiency,linkedin=http://www.linkedin.com/pub/george-lembersky/3/4bb/13
Traveon Rogers,https://angel.co/traveonrogers,7,"Founder of @Royal Klasse • Investor of @Snapchat, @Blue Apron, @FlightCar, @Asana, @Vamo, @Eyegroove, & etc • Ex-NFL Player • Ex-Nike T&F Athlete",Dallas · B2B,SKIP
Varun Dalal,https://angel.co/varun-dalal,13,Principal at Telegraph Hill Capital. Focusing on early stage mobile technology investments.,Barcelona · Mobile,linkedin=http://www.linkedin.com/in/varundalal
Elliott Bisnow,https://angel.co/elliott-bisnow,13,Elliott Bisnow is the Founder & Managing Partner of Summit and Partner in Summit Action.,Utah · Technology,SKIP
Gowthaman Ranganathan,https://angel.co/gowthamanr,3,"Business owner, Oracle Alumni",Silicon Valley · Small and Medium Businesses,https://www.linkedin.com/in/gowthamanr
Drew Sharma,https://angel.co/drew-sharma,8,"Currently Co-Founder TravelInsurance.com. Founded CarInsuranceQuotes.com (acquired by Bankrate), Mindfire Interactive (acquired) and many other ventures/exits.",Santa Barbara · Insurance,SKIP
Abhishek Jain,https://angel.co/abhijain,13,....,Hong Kong · Clean Technology,SKIP
Jonathan Ellis,https://angel.co/ellisjr,24,"Angel Investor, Founder & Managing Director at @Sandalphon Capital",Midwest · B2B,SKIP
John Hopmans,https://angel.co/john-hopmans,4,"Former investment banker, now head of M&A at Live Nation",Los Angeles · Clean Technology,null
Daniel Kaufman,https://angel.co/kaufmandaniel,19,"Currently real estate investor, previously serial entrepreneur",Paris · Casual Games,SKIP
Harshit Imudianda,https://angel.co/harshit-imudianda,2,"Products, 3D Maps at Apple",San Francisco · Mobile Payments,SKIP
Oluwole and Ellen Amudipe,https://angel.co/oluwole-ellen-amudipe,14,,Philadelphia · Medical Devices,null
Amir Mortazavi,https://angel.co/amir-mortazavi,11,"Cofounder of CANOPY (shared workspace), founder of real estate develop|design|build firm M-PROJECTS, angel investor, art collector.",San Francisco · All Markets,null
Claudia Marciniak,https://angel.co/claudia-marciniak,8,"Senior Vice President at U.S. Bank, Board of Directors for Opportunity Knocks",Illinois · Personal Finance,SKIP
Ryan Freedman,https://angel.co/ryanfreedman,2,"CEO of Corigin Ventures, a provider of capital to entrepreneurs focused on transforming the status quo of an industry through the use of technology.",New York City · Consumer Lending,SKIP
Charles Shyer,https://angel.co/charles-shyer,3,"Charles Richard Shyer (born October 11, 1951) is an American film director, screenwriter and producer. Shyer's films are predominantly comedies, often with a romantic-comedy overtone. His films include Private Benjamin (1980); Irreconcilable Differences (",United States · Clean Technology,http://www.linkedin.com/pub/charles-shyer/4b/b84/1a6
Peter Pastewka,https://angel.co/peter-pastewka,6,"Retired lawyer with 33 years experience in private practice and as General Counsel, worked in numerous industries and has provided mentor function and assistance for companies in various stages of growth.",Los Angeles · 3D Printing,SKIP
John Bradner,https://angel.co/john-bradner,9,,Atlanta · Medical Devices,SKIP
Manu Kumar,https://angel.co/manukumar,20,"Founder and Chief Firestarter @K9 Ventures, Founder @Carta, @CardMunch, @hihello-1 @Stanford University alum, @Carnegie Mellon University alum,",Palo Alto · B2B,SKIP
Peter Chane,https://angel.co/peterchane,15,"Sr. Director, SMB products Director, Google Fiber Former Director, BD for Google Chromebooks Product Manager",Menlo Park · Medical Devices,SKIP
Kal Vepuri,https://angel.co/kal,85,Founder @Brainchild & Co. and @Brainchild Holdings,New York City · All Markets,SKIP
Dustin Dolginow,https://angel.co/dd,9,Rethinking how startup funding works @Maiden Lane. Venture partner @Accomplice. Founded and killed Social Swipe.,San Francisco · Location Based Services,SKIP
Dharmesh Shah,https://angel.co/dharmesh,82,Founder and CTO of @HubSpot and blogger at OnStartups.com,Boston · Small and Medium Businesses,SKIP
Seth Goldstein,https://angel.co/sethgoldstein-gmail-com,25,Founder. CEO. Angel. VC. LP. Coach @Crossfader @Turntable.fm @Flatiron Partners @Majestic Research @delicious @Appjet @Gumroad @Betaworks @SiteSpecific,San Francisco · Location Based Services,SKIP
Ron Bouganim,https://angel.co/ronboug,4,Founder and Manging Partner of the Govtech Fund: the first-ever venture fund focused on government technology startups.,Silicon Valley · B2B,SKIP
Bart Lorang,https://angel.co/bartlorang,38,"Entrepeneur, Tech Nerd; CEO and Co-Founder of @FullContact. Managing Director @v1.vc Passionate about helping entrepreneurs.",Boulder · B2B,SKIP
Matt French,https://angel.co/mattfrench,5,"Investor in @ShareSquare (BEASTMODE.FM), @LaughStub.",Los Angeles · Online Reservations,SKIP
Darren Bechtel,https://angel.co/dbechtel,29,"Founder of @Brick & Mortar Ventures , @South Park Ventures • Former CEO, Encapsule Medical • @Stanford University MBA + B.S. in ME/Product Design",San Francisco · Construction,SKIP
Brad Holden,https://angel.co/bradh,43,Angel/Seed BD for AWS & Venture Partner @TomorrowVentures,Palo Alto · SaaS,SKIP
Bubs / Darius A Monsef IV,https://angel.co/bubs,5,Founded @CreativeMarket + @COLOURlovers Founder & Board of Hands.org ADSK / MSFT / YC Alum. Advisor + Investor.,San Francisco · Kids,SKIP
Garry Tan,https://angel.co/garrytan,118,"Managing Partner, Initialized Capital. Previously Partner at Y Combinator, funded/advised 600 startups. Cofounder @Posterous (Acq by @Twitter).",Mountain View · Photo Sharing,SKIP
Patrick Mock,https://angel.co/p-mock,16,,San Francisco Bay Area · K-12 Education,SKIP
Liam Shannon,https://angel.co/rise-up-baking,1,,Real Estate,SKIP
ZenStone Venture Capital,https://angel.co/zenstone-venture-capital-1,20,"Micro VC investing post seed and early venture stages. Interested in Real Estate Tech, Financial Tech, Internet of Things, and D/P/SaaS. More at ZenStoneVC.com",San Francisco · Small and Medium Businesses,SKIP
JAG Capital Group Ltd,https://angel.co/alexandra-caminer,3,Advisory firm to VCs and entrepreneurs/start ups. We can advise you on finance models and legal documents. Check out www.jagcapadvisors.com for more information,London · Restaurants,SKIP
Jason Wong,https://angel.co/jason-wong-5,12,"Platform 88 Co-Founder, whose mission is to help startups succeed using our network of manufacturers and retailers to quickly bring products to the marketplace",California · Consumer Electronics,SKIP
Adam Samaan,https://angel.co/adam-samaan,4,Outernets. Axiom. Office of the Comptroller. The IDK Wear. Square. Jamms Development. Intosh Computing Services.,Washington DC · Energy Efficiency,SKIP
Pavandeep Bagga,https://angel.co/pavandeep-bagga,12,"Principal @ CCAMG @ PBMD; Chief @ Medical Missions For Children, Chair @ SVMHS, ACF @ LPCH, Healthcare consulting; Healthcare policy; Real Estate; MD, MBA, MS",Monterey · Location Based Services,SKIP
Peter Livingston,https://angel.co/pliv84-gmail-com,33,Based in Miami after 30 years in Silicon Valley. Professional Angel Investor for 6+ years with investments in >100 companies.,Miami Beach · Internet of Things,SKIP
Laurie Strangia,https://angel.co/laurie-s,4,"Performance driven business operations executive with strong marketing, advertising, and data expertise.",Santa Monica · Organic Food,SKIP
Surjeet Singh,https://angel.co/surjeet-singh,6,"CEO Subex Limited , Previously CFO Patni Computers Limted ( Sold to Igate/Apax , Cofounder and CFO Cymbal Corporation ( sold to Patni)",Silicon Valley · Clean Technology,SKIP
