name,url,investments,company,tags,linkedin,email
Adam Kalai,https://angel.co/adam-kalai,6,I'm a researcher in crowdsourcing and machine learning.,United States · Clean Technology,SKIP,
Shane Hinds,https://angel.co/shane-hinds,25,Christian/Entrepreneur/Founder/Investor.,Austin · Crowdsourcing,https://www.linkedin.com/in/shanehinds,sshinds@bellsouth.net
Brett Byers,https://angel.co/brett-byers,13,GP with secondary fund for 10+ years,Silicon Valley · Clean Technology,SKIP,
George Dagher,https://angel.co/gd-2,8,,Indonesia · Clean Technology,SKIP,
Kester Goh,https://angel.co/kester-goh,14,"More than fifteen years of startup and venture capital experience as incubator, entrepreneur, investor, dealmaker, strategic consultant and legal advisor.",Belgium · Clean Technology,SKIP,
William Guillouard,https://angel.co/william-guillouard,4,"Chief Marketing Officer, OLX, Inc. & Business Angel. Summary: Business angel in more than 20 startups in the US and emerging market.",New York · Clean Technology,SKIP,
Tyler Martin,https://angel.co/tylermartin-sanjose,14,Operations executive with 20+ years working with early stage companies.,Silicon Valley · Wearables,SKIP,
Juan Dulanto,https://angel.co/juan-dulanto,0,EIR @500 Startups LatAm Co-Founder/COO/Growth @Washio Advisor @Augmented Intelligence Academy Advisor @ShadesDaddy Co-Founder @ Pura Vida Juice Bars,Mexico City · SaaS,SKIP,
Sheldon S Ohringer,https://angel.co/sheldon-s-ohringer,18,"Serial entrepreneur with heavy communications and Internet services background, Public company CEO experience. Have led 24 acquisitions for 3 public.",Iowa · Clean Technology,SKIP,
Anilkumar Kapu,https://angel.co/anil-kapu,1,Startup investor,San Francisco · Marketplaces,SKIP,
Tom Eggert,https://angel.co/madisontom,3,"Tom has been at the forefront of business and sustainability, both teaching classes in sustainability and founding the WI Sustainable Business Council.",Massachusetts · Clean Technology,SKIP,
zeid masri,https://angel.co/zeid-masri,8,,Washington · Clean Technology,SKIP,
Rodrigo Quinalha,https://angel.co/rodrigo-quinalha,0,"Start Ups - CoFounder & Mentor & Investor Investor Over +15 StartUps across Brazil, Latin America, USA Head of Digital Innovation and Start Ups - KICK Ventures",Brazil · B2B,SKIP,
Lawrence Hsieh,https://angel.co/lawrence-hsieh,5,Product Guy / @Yahoo / @Zynga / MBA @Carnegie Mellon University / BS @Georgia Institute of Technology / Boba Connoisseur / Investor,Southern California · Cryptocurrency,SKIP,
Paul Ferris,https://angel.co/azure-ferris,25,Paul Ferris is a founding General Partner with Azure Capital Partners and has invested/advised over 30 exits across technology.,San Francisco Bay Area · Robotics,SKIP,
David D'Angelo,https://angel.co/david-d-angelo,4,Physician with 15+ years of investing in biotechology.,Pennsylvania · Synthetic Biology,SKIP,
Shawn Kung,https://angel.co/shawn-kung,7,Product @Tenable Network Security @Aster Data Systems($300M exit);@The Angels Forum;Founder @LucidCloudAdv;Board @UC Santa Cruz VP @Micron Technology,Silicon Valley · Open Source,SKIP,
Max Valledor,https://angel.co/max-valledor,26,2006 TIME Person of the Year. Brain geek. Corp strategist & s-up mentor. Investor. Homages to Prof David Hubel & James B. Lee.,London · Biotechnology,SKIP,
Avant Global,https://angel.co/avantglobal,19,"Avant Global is a leading business advisory and early-stage venture capital firm headquartered in Santa Barbara, CA with partner offices worldwide.",Santa Barbara · Robotics,SKIP,
Susom Ghosh,https://angel.co/susom-ghosh,7,US Electronic Equities and trade execution analytics,New York · Knowledge Management,SKIP,
Bipul Sinha,https://angel.co/bipulsinha,9,Partner at @Lightspeed Venture Partners,California · Data Center Automation,SKIP,
Jeremy Stoppelman,https://angel.co/jeremys,33,Co-founder and CEO of @Yelp,San Francisco · Consumer Internet,SKIP,
David Shen,https://angel.co/dshen,27,"West Coast Director for @LaunchCapital. I hail from @Apple, frogdesign, and @Yahoo. Mentor at @500 Startups",Palo Alto · B2B,SKIP,
Robert Simon,https://angel.co/rsimon,22,"Investor in @Dogster, @Carwoo, @Pulpo Media, @SideReel, @KlickNation, @Peanut Labs.",San Francisco · Social Games,SKIP,
Tony Conrad,https://angel.co/tonysphere,26,"Founder @about.me, Sphere; @True Ventures Automattic (WordPress), MakerBot, Typekit, Blue Bottle Coffee; Serious Parking @Karma & Drip Coffee Skills",San Francisco · Location Based Services,SKIP,
Jim Andelman,https://angel.co/jimandelman,13,"Co-founder of @Rincon Venture Partners. Investor in @Burstly, @SHIFT, @SteelHouse, @Jazz, @DataPop, etc.",Los Angeles · Ad Targeting,SKIP,
Jason Stoffer,https://angel.co/jstoffer,17,General Partner at @Maveron,Seattle · Location Based Services,SKIP,
Sim Blaustein,https://angel.co/sblaustein,19,Partner at @BDMI,New York City · Language Learning,SKIP,
Manu Kumar,https://angel.co/manukumar,20,"Founder and Chief Firestarter @K9 Ventures, Founder @Carta, @CardMunch, @hihello-1 @Stanford University alum, @Carnegie Mellon University alum,",Palo Alto · B2B,SKIP,
Ofer Ronen,https://angel.co/oferronen,8,"CEO of Pulse.io. Former CEO of @Sendori; sold to @Ask.com. Mentor @Stanford, @Berkeley. Investor in @Klout, @RolePoint. MS/BS Comp Eng @Umich. MBA @Cornell University",San Francisco · Real Time,SKIP,
Ty Danco,https://angel.co/tydanco,126,"Founder, eSecLending and BuysideFX. Love ethereum, mobile, fintech.",Burlington · Medical Devices,SKIP,
Joe Medved,https://angel.co/joevc,23,"@Lerer Hippeau Ventures , Brandery Advisor",New York City · Advertising Platforms,SKIP,
Siobhan Quinn,https://angel.co/siobhanquinn,3,,San Francisco · Pets,SKIP,
Pejman Nozad,https://angel.co/pnozad,79,"Founder Pear.vc, @Dropbox @Lending Club @Gusto @SoundHound @Addepar @DoorDash @Branch @Guardant Health @BetterWorks",Menlo Park · Information Technology,SKIP,
Sam Decker,https://angel.co/samdecker,12,"Founder/CEO @Mass Relevance, Founding CMO @Bazaarvoice, Co-founder @capital-factory, 7-year Dell Exec, 5 startups B2B & B2C (product, marketing, biz dev), author.",Austin · B2B,SKIP,
Jeremy Levine,https://angel.co/jerlevine,32,Founder/CEO @DRAFT. Investor in 40+ startups.,New York City · Fantasy Sports,SKIP,
James Hong,https://angel.co/jhong,48,"Founder of HOTorNOT.com, Angel Investor.",Menlo Park · E-Commerce,SKIP,
Rich Miner,https://angel.co/richminer,15,Partner at @GV,Cambridge · Speech Recognition,SKIP,
Ben Smith,https://angel.co/bentsmithfour,45,"Investor, Advisor to and Founder of Technology Businesses",Silicon Valley · Facebook Applications,SKIP,
Paige Craig,https://angel.co/paigecraig,92,"VC at Arena Ventures; former angel 100+ deals (Angellist, WIsh, Lyft, Twitter, Postmates). Drove into Iraq alone in 2003 to start first company. US Marine Corps",Las Vegas · Real Time,SKIP,
Prerna Gupta and Parag Chordia,https://angel.co/prernagupta,8,"We start companies & invest together. CEO & CTO @HOOKED. Write for NYT, TC, Vogue. Formerly CPO & Chief Scientist @Smule. Stanford grads.",San Francisco · Synthetic Biology,SKIP,
Arjun Sethi,https://angel.co/arjunsethi,38,"Founder @MessageMe, @Lolapps • Worked at @Social Capital, @Tapjoy • Studied at @University of Maryland, College Park",Palo Alto · Networking,SKIP,
Marc Nathan,https://angel.co/marc1919,4,VP Client Services at http://www.milleregan.com/professionals/marc-nathan/ helping fundraising strategy. Texas-Squared Startup Newsletter: www.eepurl.com/bxzI-X,Austin · Digital Media,SKIP,
Drew Smith,https://angel.co/drewcsmith,18,"Angel Investor. Extensive investing, corporate development, and strategy experience in senior roles at @Intel Capital, McKinsey, and Tripwire.",Portland · Media,SKIP,
Dave Whorton,https://angel.co/dwhorton,17,Supporting Evergreen Entrepreneurs,Palo Alto · Industrial,SKIP,
Vikas Gupta,https://angel.co/vikasgupta,15,"Founder/CEO @Wonder Workshop. Former Head of Consumer Payments at @Google, Founder/CEO of @Jambool (acquired by @Google), ex-Amazon.",Palo Alto · Robotics,SKIP,
Peter Chane,https://angel.co/peterchane,15,"Sr. Director, SMB products Director, Google Fiber Former Director, BD for Google Chromebooks Product Manager",Menlo Park · Medical Devices,http://www.linkedin.com/in/peterchane,
Howard Lindzon,https://angel.co/howardlindzon,68,"Public & private market investor. Founder/CEO, @StockTwits. General Partner-Social Leverage. Creator of Wallstrip. Popcorn lover. Investing for profit and joy.",San Diego · iPhone,SKIP,
