name,url,investments,company,tags,linkedin
David W. Epstein,https://angel.co/drdavidepstein,3,"President and CEO of David W Epstein DDS, Inc. Cosmetic, Implant and Reconstructive Dentistry, 18 years. Founder and Chairman of the Board, Palmia Corporation",San Francisco · Craft Beer,SKIP
Sameer Sait,https://angel.co/sameersait,4,"Active Angel Investor, Cyber Security Executive, Carnegie Mellon Grad",Littleton · Security,SKIP
Inam Haq,https://angel.co/inam-corpa-io,8,Serial Entrepreneur | Investor | Avid Reader,San Francisco · PaaS,SKIP
Jean Hammond,https://angel.co/jean-hammond,59,Active Angel Investor and Change Agent; Serial Entrepreneur; Co-founder LearnLaunch; MIT Board Director. Investor: @Localytics @peach @Bridj @Pixability,Boston · Edtech,SKIP
Ted Kasten,https://angel.co/ted-kasten,6,"Founder of Advanced Sports Media, LLC. Board of Fantasy Sports Trade Association. Dartmouth Engineering Degree. Kellogg MBA.",Austin · Mobile Games,SKIP
Hans Tung,https://angel.co/hans-tung-1,10,"Early investor in Xiaomi, EHIC (NYSE), Forgame (HKSE 0484), Wish, FlightCar, Mafengwo, 51Fanli, Operator, Misfit, Little Red Book, Musical.ly, Snapdeal, Airbnb",San Francisco · Mobile Commerce,https://www.linkedin.com/pub/hans-tung/0/75b/89b
Chloe Sladden,https://angel.co/chloes,9,"Investing, advising, plotting, parenting. Founding Partner @#Angels Group. Board member @Gannett. Alum of @Twitter.",San Francisco · Analytics,SKIP
Nicholas Bartlett,https://angel.co/nickbartlett85,3,,Melbourne · Small and Medium Businesses,SKIP
Mark Weissman,https://angel.co/mark-weissman,10,"I am a practicing physician in Florida and President of the primary care group practice. Invested in oil, entertainment, real estate. Avid sports fan.",Tampa · Consumer,SKIP
Dallas Johnson,https://angel.co/dallas-johnson,4,"President of the Bokka Group, a digital marketing firm specializing in residential real estate.",Colorado · Clean Technology,SKIP
Vikram Chandrasekhar,https://angel.co/vikram-chandrasekhar,0,"PM shipping a new data security product. Former software developer Ex-Facebook and Google, IEEE Senior Member. MBA from Wharton and Masters in CS from MIT.",San Francisco Bay Area · Logistics,SKIP
Dennis Weiner,https://angel.co/dennis-weiner,1,"CEO, BluTec Innovation Capital, investing in disruptive public safety technologies. Advisory Board, Responder Ventures, a public safety technology venture firm.",Jupiter · DOD/Military,SKIP
Mall Inc,https://angel.co/mall-inc,2,"Founder Mall, Inc.",California · E-Commerce,SKIP
John Gelb,https://angel.co/john-gelb,1,Digital marketing and customer acquisition veteran,San Francisco · Marketplaces,SKIP
Samir Sijercic,https://angel.co/samir-sijercic,5,Partner in software development company Codefry based out of Washington DC. Started map based web application - Zillow for jobs - jobcinity.,Maryland · Maps,SKIP
Sumit Mittle,https://angel.co/sumit-mittle,4,Owner of a large multi-specialty medical practice looking to invest in companies that show the potential to change or improve the lives of consumers.,New York · Clean Technology,SKIP
Bryan Turner,https://angel.co/bryan-turner,4,Investor in portfolio of high growth startups,United Kingdom · Clean Technology,SKIP
Marianne Barton,https://angel.co/mb837-columbia-edu,1,"Columbia grad, worked in Private Banking for Merrill Lynch, lived in NYC 10 yrs, London 2 yrs, now in Peru, worked in Investment Banking in Peru.",Lima District · Clean Technology,SKIP
Mike Derezin,https://angel.co/mike-derezin,0,"VP @LinkedIn co-founder Porvenir (acq by Thomson Financial) & VoxPop, worked @Bain studied @UCBerkeley @Stanford MBA",Silicon Valley · SaaS,SKIP
Suyash Sinha,https://angel.co/ss0010,7,Entrepreneur. Worked on cloud-scale distributed world-changing technologies.,Seattle · Cloud Infrastructure,SKIP
Otter Rock Capital,https://angel.co/otter-rock-capital,9,"Otter Rock Capital is a venture capital fund managed by Brendan Wallace(founder of Identified) investing in fast-growth, exciting startups w/ great founders.",Palo Alto · Clean Technology,SKIP
David de Sola,https://angel.co/david-de-sola,1,"Investor, Author/Writer. Not necessarily in that order.",Los Angeles · Film,SKIP
James Lindsay,https://angel.co/james-lindsay-1,5,"A visionary with a background in mathematics and business management who is motivated by creating, shaping, and launching ambitious ventures.",Germany · Consumer Electronics,SKIP
"David Mitroff, Ph.D.",https://angel.co/david-mitroff-phd-ceo-founder-chief-consultant-piedmont-avenue-consulting,1,Enjoys consulting on leveraging new technology for business development and marketing with high-growth start-up companies and individual entrepreneurs.,Piedmont · Restaurants,SKIP
Safi Bahcall,https://angel.co/s-bahcall,5,"Former CEO, Co-Founder Synta Pharmaceuticals",San Francisco · Clean Technology,SKIP
Mark Uretsky,https://angel.co/voidale,1,Software Engineer / AI Engineer,Czech Republic · Clean Technology,SKIP
Sunyao Wong,https://angel.co/sunyao-wong,6,Have been regular attendee of Y-Combinators demo days since 2011 and actively pursuing seed investment opportunities in bay area.,Silicon Valley · Clean Technology,SKIP
Ed Lafferty,https://angel.co/edlaff1,7,Boston based VC. Entrepreneurs and innovators are welcome. GP at Saturn Partners,Boston · Digital Media,SKIP
Fabian Thylmann,https://angel.co/fabian-thylmann,13,"Owner of @SN-Invests SARL, Founder @Manwin, sold 2013. Dad, Geek, Petrolhead, Serial Investor & Entrepreneur. Loves early startups with a great vision and drive.",Croatia · Music,SKIP
Zak Murase,https://angel.co/zak-murase,13,Providing consulting / investment advisory services to Japanese corporations in Silicon Valley. Representing clients investing in startups.,San Francisco · Social Media Platforms,SKIP
Ryan Rifkin,https://angel.co/ryanrifkin,5,"Co-founder at TagWorld, acquired by Viacom in 2008. Most recently co-founder at Burstly, acquired by Apple in Feb of 2014.",Los Angeles · Clean Technology,SKIP
Fernando Lodi de Oliveira,https://angel.co/fernando-lodi-de-oliveira,8,Telegraph Hill Capital,Barcelona · Education,SKIP
Daniel Skit,https://angel.co/daniel-skit,6,Latin America,São Paulo · Clean Technology,SKIP
Bill Budinger,https://angel.co/bill-budinger,12,"Experienced Colorado based Angel Investor who has invested in 15+ start-ups. Successful exits include RealD, Lettuce Apps, and CloudSync.",Colorado · B2B,SKIP
Franz-Joseph Strauss,https://angel.co/franzjoseph-strauss,1,,Munich · Germany,SKIP
Harry Evelegh,https://angel.co/methodise,8,Cryptocurrency and SaaS.,Cambridge · Bitcoin Exchange,SKIP
Marcus Segal,https://angel.co/marcus-segal-1,5,"Start-up veteran, advisor and occasional investor. COO consultant these days",San Francisco · Clean Technology,SKIP
Gabby Contro,https://angel.co/gabby-contro,19,VC @Crosslink Capital,San Francisco · Financial Exchanges,SKIP
Jeff Hallett,https://angel.co/jeff-hallett-1,15,"Experienced investor, entrepreneur",Colorado · Clean Technology,SKIP
Taher Savliwala,https://angel.co/taher-savliwala,9,"EE with background in innovation, product development, intellectual property, and corporate strategy",San Francisco · Clean Technology,SKIP
Ricky Van Veen,https://angel.co/rickyvanveen,7,"Co-Founder: CollegeHumor, Vimeo, BustedTees, some other stuff too. Currently at IAC. New York City.",New York · Digital Media,SKIP
Ryan Cahill,https://angel.co/ryan-cahill-1,2,"Former Investment Banking, Fixed Income CDS BA Middlebury, MA Columbia.",Los Angeles · Clean Technology,SKIP
Doug Beaver,https://angel.co/doug-beaver,4,"Amazon, Apple, FB alum with 20 years scaling major Internet sites. Built 8 high performing storage, network, perf teams at FB. Love solving impossible problems.",San Francisco · Drones,SKIP
arvind durvasan,https://angel.co/arvind-durvasan,3,Angel investor,United States · Clean Technology,SKIP
Aimee Paquin,https://angel.co/aimee-paquin,12,"Worked at IBM, Mips, Silicon Graphics, Geocast.",United States · Clean Technology,SKIP
Todd Swanson,https://angel.co/tqswanson,5,"Investor, board member, advisor. Angel, private & public equity. @Thoma Cressey Bravo , @Third Point, @Stanford GSB, @CPA, @CFA. Invested @Thumbtack, @Mucker.",California · B2B,SKIP
Fábio Póvoa,https://angel.co/fabio-povoa,7,"Angel investor, Lean Startup professor @ Unicamp. Co-founder of Movile. UC Berkeley Haas alumn. Wunderlust traveler, productivity freak, FC Barcelona fan.",Campinas · SaaS,SKIP
Fouad ElNaggar,https://angel.co/thufirhawat,6,Founder @Sapho @Hark & Liquid Light • Former Chief Strategy Officer @CBS Interactive • VC @Redpoint Ventures board of @BlueKai @Machinima • @Dartmouth College,San Francisco · Clean Technology,SKIP
