name,url,investments,company,tags,linkedin
Hans Tung,https://angel.co/hans-tung-1,10,"Early investor in Xiaomi, EHIC (NYSE), Forgame (HKSE 0484), Wish, FlightCar, Mafengwo, 51Fanli, Operator, Misfit, Little Red Book, Musical.ly, Snapdeal, Airbnb",San Francisco · Mobile Commerce,https://www.linkedin.com/pub/hans-tung/0/75b/89b
Viral Jhaveri,https://angel.co/viraljhaveri,3,"Co-Founder, Angel Investor.",Oakland · Sharing Economy,http://www.linkedin.com/in/viraljhaveri
Shane Hinds,https://angel.co/shane-hinds,25,Christian/Entrepreneur/Founder/Investor.,Austin · Crowdsourcing,https://www.linkedin.com/in/shanehinds
George Lembersky,https://angel.co/georgelembersky,18,Analyzer & Computer Programmer,San Diego · Energy Efficiency,linkedin=http://www.linkedin.com/pub/george-lembersky/3/4bb/13
Varun Dalal,https://angel.co/varun-dalal,13,Principal at Telegraph Hill Capital. Focusing on early stage mobile technology investments.,Barcelona · Mobile,linkedin=http://www.linkedin.com/in/varundalal
Gowthaman Ranganathan,https://angel.co/gowthamanr,3,"Business owner, Oracle Alumni",Silicon Valley · Small and Medium Businesses,https://www.linkedin.com/in/gowthamanr
John Hopmans,https://angel.co/john-hopmans,4,"Former investment banker, now head of M&A at Live Nation",Los Angeles · Clean Technology,null
Oluwole and Ellen Amudipe,https://angel.co/oluwole-ellen-amudipe,14,,Philadelphia · Medical Devices,null
Amir Mortazavi,https://angel.co/amir-mortazavi,11,"Cofounder of CANOPY (shared workspace), founder of real estate develop|design|build firm M-PROJECTS, angel investor, art collector.",San Francisco · All Markets,null
Charles Shyer,https://angel.co/charles-shyer,3,"Charles Richard Shyer (born October 11, 1951) is an American film director, screenwriter and producer. Shyer's films are predominantly comedies, often with a romantic-comedy overtone. His films include Private Benjamin (1980); Irreconcilable Differences (",United States · Clean Technology,http://www.linkedin.com/pub/charles-shyer/4b/b84/1a6
Jeff Weiner,https://angel.co/jeff-weiner,9,Entrepreneur and Investor,San Francisco · All Markets,SKIP
Vivek Dixit (Vik),https://angel.co/vivek-dixit,15,"Entrepreneur, Investor over 70+ startups; Board @Poshly,Advisor @Alchemy Cloud, VP @Gartner, Ex-CTO; Ex-CIO/SVP BofA Payments; Ex-Director @Oracle",Houston · Robotics,SKIP
Richard Chen,https://angel.co/lc4c-netease-com,27,CEO of Yifei Investment Holdings Founding Partner of Huangpu River Capital Venture Partner of Vitruvian Partners,San Francisco · Logistics,SKIP
Cameron Yuill,https://angel.co/cameron-yuill,14,Entrepreneur turned investor @Structure Capital,San Francisco · Sharing Economy,SKIP
Antonio Osio,https://angel.co/aosiot,26,"Managing Partner at Capital Invent, angel investor at Fabrice Grinda and Jose Marin Investments, MIT Sloan, Legatum Fellow, ITAM",Mexico City · Finance Technology,SKIP
Jed Nachman,https://angel.co/jednachman,13,SVP of Revenue for Yelp Inc..... been there since early 2007. Currently in London but moving back to the Bay Area in August of 2014.,San Francisco · Crowdsourcing,SKIP
Kees Koolen,https://angel.co/kees-koolen,9,Former COO/CEO/Chairman of booking.com 2001-2014. Advisor to Uber Chairman Agri Brasil Founding partner EQT Ventures Partner in scaling tech companies,Netherlands · Location Based Services,SKIP
Peter Chane,https://angel.co/peterchane,15,"Sr. Director, SMB products Director, Google Fiber Former Director, BD for Google Chromebooks Product Manager",Menlo Park · Medical Devices,SKIP
Kal Vepuri,https://angel.co/kal,85,Founder @Brainchild & Co. and @Brainchild Holdings,New York City · All Markets,SKIP
Dustin Dolginow,https://angel.co/dd,9,Rethinking how startup funding works @Maiden Lane. Venture partner @Accomplice. Founded and killed Social Swipe.,San Francisco · Location Based Services,SKIP
Dharmesh Shah,https://angel.co/dharmesh,82,Founder and CTO of @HubSpot and blogger at OnStartups.com,Boston · Small and Medium Businesses,SKIP
Bart Lorang,https://angel.co/bartlorang,38,"Entrepeneur, Tech Nerd; CEO and Co-Founder of @FullContact. Managing Director @v1.vc Passionate about helping entrepreneurs.",Boulder · B2B,SKIP
Brad Holden,https://angel.co/bradh,43,Angel/Seed BD for AWS & Venture Partner @TomorrowVentures,Palo Alto · SaaS,SKIP
Garry Tan,https://angel.co/garrytan,118,"Managing Partner, Initialized Capital. Previously Partner at Y Combinator, funded/advised 600 startups. Cofounder @Posterous (Acq by @Twitter).",Mountain View · Photo Sharing,SKIP
Kai Hansen,https://angel.co/kai-hansen-2,3,"Product Manager, MBA, data scientist & passionate technologist.",Zurich · Sharing Economy,SKIP
Peter Livingston,https://angel.co/pliv84-gmail-com,33,Based in Miami after 30 years in Silicon Valley. Professional Angel Investor for 6+ years with investments in >100 companies.,Miami Beach · Internet of Things,SKIP
Surjeet Singh,https://angel.co/surjeet-singh,6,"CEO Subex Limited , Previously CFO Patni Computers Limted ( Sold to Igate/Apax , Cofounder and CFO Cymbal Corporation ( sold to Patni)",Silicon Valley · Clean Technology,SKIP
Mingfeng Wu,https://angel.co/farris-wu,23,Founder @DecorMatters Founder @ZenStone Venture Capital Investor @EquityZen @Wrapify @RealCrowd @HomeLight @Enevo @Life360 +30 more Ph.D. @UTexas-Austin,Silicon Valley · Medical Devices,SKIP
Luigi Forlenza,https://angel.co/lforlenza-yahoo-it,4,I am in love with startups and the dream behind them.,London · Manufacturing,SKIP
Dylan Sharkey,https://angel.co/dylan-sharkey,4,"I am currently interested in investing in and advising Blockchain, Fintech, Marketplace and Enterprise Software startups in the US, UK and Europe.",Dubai · Finance Technology,SKIP
M J,https://angel.co/michael-husemann,35,,Optimization,SKIP
Austin Arensberg,https://angel.co/austin-arensberg,13,"Principal @Scrum Ventures (Previously @Samsung Electronics) @INSEAD @University of Colorado, Boulder",San Francisco Bay Area · Consumer Electronics,SKIP
Paul Holliman,https://angel.co/paul-holliman,52,Harvard: Semi-final judge i3 Harvard Innovation Challenge 2018 UC Berkeley: Guest speaker Venture Capital Unlocked: Deal Camp 2017,Los Angeles · Consumer Electronics,SKIP
Jaffray Woodriff,https://angel.co/jaffray-woodriff,19,"Co-Founder and CEO of Quantitative Investment Management, $3B hedge fund manager. I program all the statistical prediction models that drive all investments.",Charlottesville · Databases,SKIP
David Verrill,https://angel.co/david-verrill,12,Founder & Managing Director at Hub Investment Group,Boston · Kids,SKIP
Norman Meisner,https://angel.co/norman-meisner,20,"Investor in @Vizibility, @Localytics, @Pixability, Boston Heart Lab, @Sepsensor, @Tikatok, @Copiun, @SmartCells, @Chromis Fiberoptics, @Softricity, Synchronoss...",Newton · Product Design,SKIP
Zaz Floreani,https://angel.co/zaz-floreani,0,"Diggin' big ideas, start-ups, and entrepreneurs. Sr Dir of Bus Dev at a Texas startup. Married to an entrepreneur.",Austin · Restaurants,SKIP
"Edward C, Goodwin Ph.D.",https://angel.co/edward-c-goodwin-ph-d,17,Active member of Angel Investor Forum in CT. Yale Medical School faculty researching Virology/Cell Biology. Inventor of enhanced biopharm production method.,Connecticut · Loyalty Programs,SKIP
Ajay Prakash,https://angel.co/aprakash,7,"Co-Founder of Rinse.; Past experience at humble Brands, @Bonobos, Berkshire Partners, NBA, and Bain & Co; Stanford MBA",San Francisco · Sharing Economy,SKIP
Yuval Shachar,https://angel.co/uvsh,2,Entrepreneur at large,Israel · Internet Infrastructure,SKIP
Luke Hakes,https://angel.co/luke-hakes,22,"Early Stage UK focussed VC, passionate about Tech and startups. Seed through series A",London · Real Time,SKIP
Michael Burke,https://angel.co/michael-burke,4,"I’m an entrepreneur, advisor, investor and author.",Chicago · All Markets,SKIP
Jeff Schox,https://angel.co/jeff-schox-com,44,Patent Attorney. Stanford Professor. First investor @Twilio. Early investor @Cruise Automation.,Ann Arbor · Medical Devices,SKIP
Craig Lauer,https://angel.co/craig-lauer,10,"Employee #88 at @Qualcomm, VP Eng for OmniTRACS, launched Vuforia AR, original developer on Eudora email team. Most recent exit: Tocagen IPO.",San Diego · Batteries,SKIP
Tom Pappas,https://angel.co/tom-pappas,10,"Seasoned & successful securities investor, talent mentor, education advocate, active angel, budding social entrepreneur. Harvard ALI Fellow.",Boston · Finance Technology,SKIP
Lars Mapstead,https://angel.co/lars-mapstead,6,Founder @FriendFinder Networks (FFN) Sold 2007 Founder @Fupa Games,Santa Clara · Fitness,SKIP
Jon Bradshaw,https://angel.co/mrbradshaw,10,Co-Founder & CEO at TinyTorch.com,Provo · Location Based Services,SKIP
Matthew T. Nekvapil,https://angel.co/matthew-n,6,Superpreneur. Multi-Lingual. Personal investor in numerous startups. Strong Asian network.,Federal Territory of Kuala Lumpur · Mobile Advertising,SKIP
