name,url,investments,company,tags,linkedin,email
Shane Hinds,https://angel.co/shane-hinds,25,Christian/Entrepreneur/Founder/Investor.,Austin · Crowdsourcing,https://www.linkedin.com/in/shanehinds,sshinds@bellsouth.net
Peter Chane,https://angel.co/peterchane,15,"Sr. Director, SMB products Director, Google Fiber Former Director, BD for Google Chromebooks Product Manager",Menlo Park · Medical Devices,http://www.linkedin.com/in/peterchane,
Kal Vepuri,https://angel.co/kal,85,Founder @Brainchild & Co. and @Brainchild Holdings,New York City · All Markets,http://www.linkedin.com/in/kalvepuri,
Dharmesh Shah,https://angel.co/dharmesh,82,Founder and CTO of @HubSpot and blogger at OnStartups.com,Boston · Small and Medium Businesses,http://www.linkedin.com/in/dharmesh,
Bart Lorang,https://angel.co/bartlorang,38,"Entrepeneur, Tech Nerd; CEO and Co-Founder of @FullContact. Managing Director @v1.vc Passionate about helping entrepreneurs.",Boulder · B2B,http://www.linkedin.com/in/bartlorang,
Brad Holden,https://angel.co/bradh,43,Angel/Seed BD for AWS & Venture Partner @TomorrowVentures,Palo Alto · SaaS,http://www.linkedin.com/pub/brad-holden/a/31a/85b,
Garry Tan,https://angel.co/garrytan,118,"Managing Partner, Initialized Capital. Previously Partner at Y Combinator, funded/advised 600 startups. Cofounder @Posterous (Acq by @Twitter).",Mountain View · Photo Sharing,http://www.linkedin.com/in/garrytan,
Michael Ciklin,https://angel.co/michael-ciklin,4,"Investor @ShareRoot, @I Done This, @Hullabalu, @wedgies, @credfm, Advisor @Primeloop Studied at @Princeton University, UF JD/MBA/MRE",Nashville · Visualization,http://www.linkedin.com/pub/michael-ciklin/3/450/968,null
Ben Lam,https://angel.co/yl7777,6,Hong Kong/Tokyo/Angel Investor,Hong Kong · All Markets,,null
"Hilton Augustine, Jr.",https://angel.co/hilton-augustine-jr,9,"Funding for disruptive technologies. investments include Hinge, Dryft, Cota, Zoobean, Speek, OmniSpeech, Shop Genius, SnobSwap, MyQVO, Terbium and SpeechTrans.",Bethesda · Nanotechnology,http://www.linkedin.com/in/hiltonaugustinejr,null
Oluwole and Ellen Amudipe,https://angel.co/oluwole-ellen-amudipe,14,,Philadelphia · Medical Devices,null,
Amir Mortazavi,https://angel.co/amir-mortazavi,11,"Cofounder of CANOPY (shared workspace), founder of real estate develop|design|build firm M-PROJECTS, angel investor, art collector.",San Francisco · All Markets,null,
Jeff Weiner,https://angel.co/jeff-weiner,9,Entrepreneur and Investor,San Francisco · All Markets,null,
Christopher Thorpe,https://angel.co/christopher-thorpe,6,"Viaweb->@Yahoo, @Tellme; Harvard PhD in crypto+auctions+finance; @Babel Research, @Blueleaf.",San Francisco · Content Syndication,http://www.linkedin.com/in/cthorpe,null
Ei-Nyung Choi,https://angel.co/einyung,1,"Software engineer at Bay Area startups since '98, with three exits. I value collaborative teams, innovation, fearlessness, and a hunger to succeed. MIT grad.",Oakland · Location Based Services,http://www.linkedin.com/pub/ei-nyung-choi/0/162/208,
Matthew Maly,https://angel.co/matthew_maly,0,"A Win-Win guy. Founder of PsyClue, an app that teaches to think Win-Win and DoGoodity, a good deeds network. 5 books. @Yale University, @Columbia University",Kyivs'ka oblast · Politics,https://www.linkedin.com/in/matthewmaly,null
Chris LoPresti,https://angel.co/chris-lopresti,20,Co-founder @TouchPoints & @Bonnie • Investor in over 30 startups including @Cleversafe • Author of INSIGHTS • Venture Strategist @BattersonVC,Mobile · B2B,http://www.linkedin.com/in/christopherlopresti,null
Greg Eger,https://angel.co/greg-eger,6,Developer of over $400 million of institutional quality real estate investments,Los Altos · Clean Technology,http://www.linkedin.com/pub/greg-eger/71/239/880,null
Abhishek Jain,https://angel.co/abhijain,13,....,Hong Kong · Clean Technology,http://www.linkedin.com/in/abhishek8de,null
Dip Ghuman,https://angel.co/dipghuman,1,"Corporate Development @Indeed. Founded @Near, @Veritas Quo. Experience with @Google @Reddit & @Lonely Planet. Studied @University of California, Irvine.",San Francisco · Film Production,BLOCKED,
Runmin Xu,https://angel.co/runmin-xu,5,Master Computer Science from MIT Master Transportation from MIT Real Estate Investor,Massachusetts · Social Media Platforms,http://www.linkedin.com/pub/runmin-xu/3b/819/80a,
Peter Livingston,https://angel.co/pliv84-gmail-com,33,Based in Miami after 30 years in Silicon Valley. Professional Angel Investor for 6+ years with investments in >100 companies.,Miami Beach · Internet of Things,http://www.linkedin.com/pub/peter-livingston/12/a68/986,
George Lembersky,https://angel.co/georgelembersky,18,Analyzer & Computer Programmer,San Diego · Energy Efficiency,http://www.linkedin.com/pub/george-lembersky/3/4bb/13,lembge@consumer.org
M J,https://angel.co/michael-husemann,35,,Optimization,null,
Mingfeng Wu,https://angel.co/farris-wu,23,Founder @DecorMatters Founder @ZenStone Venture Capital Investor @EquityZen @Wrapify @RealCrowd @HomeLight @Enevo @Life360 +30 more Ph.D. @UTexas-Austin,Silicon Valley · Medical Devices,http://www.linkedin.com/pub/ming-feng-wu/18/439/1a9,
Charles Shyer,https://angel.co/charles-shyer,3,"Charles Richard Shyer (born October 11, 1951) is an American film director, screenwriter and producer. Shyer's films are predominantly comedies, often with a romantic-comedy overtone. His films include Private Benjamin (1980); Irreconcilable Differences (",United States · Clean Technology,http://www.linkedin.com/pub/charles-shyer/4b/b84/1a6,
Dustin Dolginow,https://angel.co/dd,9,Rethinking how startup funding works @Maiden Lane. Venture partner @Accomplice. Founded and killed Social Swipe.,San Francisco · Location Based Services,http://www.linkedin.com/in/dolginow,
Austin Arensberg,https://angel.co/austin-arensberg,13,"Principal @Scrum Ventures (Previously @Samsung Electronics) @INSEAD @University of Colorado, Boulder",San Francisco Bay Area · Consumer Electronics,null,
Jaffray Woodriff,https://angel.co/jaffray-woodriff,19,"Co-Founder and CEO of Quantitative Investment Management, $3B hedge fund manager. I program all the statistical prediction models that drive all investments.",Charlottesville · Databases,http://linkedin.com/in/jaffraywoodriff,
David Verrill,https://angel.co/david-verrill,12,Founder & Managing Director at Hub Investment Group,Boston · Kids,http://www.linkedin.com/pub/david-verrill/a/91/238,
Norman Meisner,https://angel.co/norman-meisner,20,"Investor in @Vizibility, @Localytics, @Pixability, Boston Heart Lab, @Sepsensor, @Tikatok, @Copiun, @SmartCells, @Chromis Fiberoptics, @Softricity, Synchronoss...",Newton · Product Design,null,
Zaz Floreani,https://angel.co/zaz-floreani,0,"Diggin' big ideas, start-ups, and entrepreneurs. Sr Dir of Bus Dev at a Texas startup. Married to an entrepreneur.",Austin · Restaurants,http://www.linkedin.com/pub/zaz-floreani/5/5a7/a7,
"Edward C, Goodwin Ph.D.",https://angel.co/edward-c-goodwin-ph-d,17,Active member of Angel Investor Forum in CT. Yale Medical School faculty researching Virology/Cell Biology. Inventor of enhanced biopharm production method.,Connecticut · Loyalty Programs,null,
Yuval Shachar,https://angel.co/uvsh,2,Entrepreneur at large,Israel · Internet Infrastructure,null,
Luke Hakes,https://angel.co/luke-hakes,22,"Early Stage UK focussed VC, passionate about Tech and startups. Seed through series A",London · Real Time,http://www.linkedin.com/in/lukehakes,
Michael Burke,https://angel.co/michael-burke,4,"I’m an entrepreneur, advisor, investor and author.",Chicago · All Markets,http://www.linkedin.com/in/michaelburke27/en,
Jeff Schox,https://angel.co/jeff-schox-com,44,Patent Attorney. Stanford Professor. First investor @Twilio. Early investor @Cruise Automation.,Ann Arbor · Medical Devices,http://www.linkedin.com/in/jschox,
Craig Lauer,https://angel.co/craig-lauer,10,"Employee #88 at @Qualcomm, VP Eng for OmniTRACS, launched Vuforia AR, original developer on Eudora email team. Most recent exit: Tocagen IPO.",San Diego · Batteries,http://www.linkedin.com/pub/craig-lauer/0/7/757,
Tom Pappas,https://angel.co/tom-pappas,10,"Seasoned & successful securities investor, talent mentor, education advocate, active angel, budding social entrepreneur. Harvard ALI Fellow.",Boston · Finance Technology,http://www.linkedin.com/in/thomaspappas/,
Lars Mapstead,https://angel.co/lars-mapstead,6,Founder @FriendFinder Networks (FFN) Sold 2007 Founder @Fupa Games,Santa Clara · Fitness,http://www.linkedin.com/pub/lars-mapstead/0/11/5a6,
Jon Bradshaw,https://angel.co/mrbradshaw,10,Co-Founder & CEO at TinyTorch.com,Provo · Location Based Services,http://www.linkedin.com/in/mrbradshaw,
Matthew T. Nekvapil,https://angel.co/matthew-n,6,Superpreneur. Multi-Lingual. Personal investor in numerous startups. Strong Asian network.,Federal Territory of Kuala Lumpur · Mobile Advertising,http://www.linkedin.com/in/nekvapil,
Russell Hinds,https://angel.co/russell-hinds,17,"Managing Director, RSH Ventures",Austin · Facebook Applications,http://www.linkedin.com/pub/russell-hinds/12/855/773,null
David Lichtblau,https://angel.co/david-lichtblau,5,CEO @ETF.com (sold to @BATS Global Markets); VP Product/Mktg @Starmine (sold to @Reuters); Co-founder @Stanford Technology Group (sold to IBM). BSEE Stanford.,San Francisco · Synthetic Biology,https://www.linkedin.com/in/davidlichtblau,null
Ryan Craver,https://angel.co/ryanmcraver-gmail-com,11,Retail and digital exec building brands fueled by retail tech startups. Former @lordandtaylor and @Accenture strategist.,Toronto · Robotics,http://www.linkedin.com/in/ryanmcraver,null
Debbie Levi,https://angel.co/debbie-levi,36,VC Business Development at AWS,New York City · B2B,http://www.linkedin.com/in/deblevi,null
Mac Harman,https://angel.co/mac-harman,23,Entrepreneur,Silicon Valley · Social Commerce,http://www.linkedin.com/in/macharman,null
Mike Paulus,https://angel.co/mike-paulus,5,EIR at Formation 8. President of Addepar. Senior Associate at Anduin. Undergrad (Econ) and Masters (MS&E) at @Stanford University.,United States · Clean Technology,SKIP,
