name,url,investments,company,tags,linkedin
Shane Hinds,https://angel.co/shane-hinds,25,Christian/Entrepreneur/Founder/Investor.,Austin · Crowdsourcing,https://www.linkedin.com/in/shanehinds
George Lembersky,https://angel.co/georgelembersky,18,Analyzer & Computer Programmer,San Diego · Energy Efficiency,linkedin=http://www.linkedin.com/pub/george-lembersky/3/4bb/13
Gowthaman Ranganathan,https://angel.co/gowthamanr,3,"Business owner, Oracle Alumni",Silicon Valley · Small and Medium Businesses,https://www.linkedin.com/in/gowthamanr
John Hopmans,https://angel.co/john-hopmans,4,"Former investment banker, now head of M&A at Live Nation",Los Angeles · Clean Technology,null
Oluwole and Ellen Amudipe,https://angel.co/oluwole-ellen-amudipe,14,,Philadelphia · Medical Devices,null
Ei-Nyung Choi,https://angel.co/einyung,1,"Software engineer at Bay Area startups since '98, with three exits. I value collaborative teams, innovation, fearlessness, and a hunger to succeed. MIT grad.",Oakland · Location Based Services,SKIP
Charles Shyer,https://angel.co/charles-shyer,3,"Charles Richard Shyer (born October 11, 1951) is an American film director, screenwriter and producer. Shyer's films are predominantly comedies, often with a romantic-comedy overtone. His films include Private Benjamin (1980); Irreconcilable Differences (",United States · Clean Technology,http://www.linkedin.com/pub/charles-shyer/4b/b84/1a6
Jeff Weiner,https://angel.co/jeff-weiner,9,Entrepreneur and Investor,San Francisco · All Markets,SKIP
Runmin Xu,https://angel.co/runmin-xu,5,Master Computer Science from MIT Master Transportation from MIT Real Estate Investor,Massachusetts · Social Media Platforms,SKIP
Matthew Maly,https://angel.co/matthew_maly,0,"A Win-Win guy. Founder of PsyClue, an app that teaches to think Win-Win and DoGoodity, a good deeds network. 5 books. @Yale University, @Columbia University",Kyivs'ka oblast · Politics,SKIP
Peter Chane,https://angel.co/peterchane,15,"Sr. Director, SMB products Director, Google Fiber Former Director, BD for Google Chromebooks Product Manager",Menlo Park · Medical Devices,SKIP
Kal Vepuri,https://angel.co/kal,85,Founder @Brainchild & Co. and @Brainchild Holdings,New York City · All Markets,SKIP
Dustin Dolginow,https://angel.co/dd,9,Rethinking how startup funding works @Maiden Lane. Venture partner @Accomplice. Founded and killed Social Swipe.,San Francisco · Location Based Services,SKIP
Dharmesh Shah,https://angel.co/dharmesh,82,Founder and CTO of @HubSpot and blogger at OnStartups.com,Boston · Small and Medium Businesses,SKIP
Bart Lorang,https://angel.co/bartlorang,38,"Entrepeneur, Tech Nerd; CEO and Co-Founder of @FullContact. Managing Director @v1.vc Passionate about helping entrepreneurs.",Boulder · B2B,SKIP
Brad Holden,https://angel.co/bradh,43,Angel/Seed BD for AWS & Venture Partner @TomorrowVentures,Palo Alto · SaaS,SKIP
Garry Tan,https://angel.co/garrytan,118,"Managing Partner, Initialized Capital. Previously Partner at Y Combinator, funded/advised 600 startups. Cofounder @Posterous (Acq by @Twitter).",Mountain View · Photo Sharing,SKIP
Jason Wong,https://angel.co/jason-wong-5,12,"Platform 88 Co-Founder, whose mission is to help startups succeed using our network of manufacturers and retailers to quickly bring products to the marketplace",California · Consumer Electronics,SKIP
Peter Livingston,https://angel.co/pliv84-gmail-com,33,Based in Miami after 30 years in Silicon Valley. Professional Angel Investor for 6+ years with investments in >100 companies.,Miami Beach · Internet of Things,SKIP
Surjeet Singh,https://angel.co/surjeet-singh,6,"CEO Subex Limited , Previously CFO Patni Computers Limted ( Sold to Igate/Apax , Cofounder and CFO Cymbal Corporation ( sold to Patni)",Silicon Valley · Clean Technology,SKIP
Mingfeng Wu,https://angel.co/farris-wu,23,Founder @DecorMatters Founder @ZenStone Venture Capital Investor @EquityZen @Wrapify @RealCrowd @HomeLight @Enevo @Life360 +30 more Ph.D. @UTexas-Austin,Silicon Valley · Medical Devices,SKIP
Luigi Forlenza,https://angel.co/lforlenza-yahoo-it,4,I am in love with startups and the dream behind them.,London · Manufacturing,SKIP
M J,https://angel.co/michael-husemann,35,,Optimization,SKIP
Austin Arensberg,https://angel.co/austin-arensberg,13,"Principal @Scrum Ventures (Previously @Samsung Electronics) @INSEAD @University of Colorado, Boulder",San Francisco Bay Area · Consumer Electronics,SKIP
David Verrill,https://angel.co/david-verrill,12,Founder & Managing Director at Hub Investment Group,Boston · Kids,SKIP
Norman Meisner,https://angel.co/norman-meisner,20,"Investor in @Vizibility, @Localytics, @Pixability, Boston Heart Lab, @Sepsensor, @Tikatok, @Copiun, @SmartCells, @Chromis Fiberoptics, @Softricity, Synchronoss...",Newton · Product Design,SKIP
Zaz Floreani,https://angel.co/zaz-floreani,0,"Diggin' big ideas, start-ups, and entrepreneurs. Sr Dir of Bus Dev at a Texas startup. Married to an entrepreneur.",Austin · Restaurants,SKIP
"Edward C, Goodwin Ph.D.",https://angel.co/edward-c-goodwin-ph-d,17,Active member of Angel Investor Forum in CT. Yale Medical School faculty researching Virology/Cell Biology. Inventor of enhanced biopharm production method.,Connecticut · Loyalty Programs,SKIP
Yuval Shachar,https://angel.co/uvsh,2,Entrepreneur at large,Israel · Internet Infrastructure,SKIP
Luke Hakes,https://angel.co/luke-hakes,22,"Early Stage UK focussed VC, passionate about Tech and startups. Seed through series A",London · Real Time,SKIP
Michael Burke,https://angel.co/michael-burke,4,"I’m an entrepreneur, advisor, investor and author.",Chicago · All Markets,SKIP
Jeff Schox,https://angel.co/jeff-schox-com,44,Patent Attorney. Stanford Professor. First investor @Twilio. Early investor @Cruise Automation.,Ann Arbor · Medical Devices,SKIP
Craig Lauer,https://angel.co/craig-lauer,10,"Employee #88 at @Qualcomm, VP Eng for OmniTRACS, launched Vuforia AR, original developer on Eudora email team. Most recent exit: Tocagen IPO.",San Diego · Batteries,SKIP
Tom Pappas,https://angel.co/tom-pappas,10,"Seasoned & successful securities investor, talent mentor, education advocate, active angel, budding social entrepreneur. Harvard ALI Fellow.",Boston · Finance Technology,SKIP
Lars Mapstead,https://angel.co/lars-mapstead,6,Founder @FriendFinder Networks (FFN) Sold 2007 Founder @Fupa Games,Santa Clara · Fitness,SKIP
Jon Bradshaw,https://angel.co/mrbradshaw,10,Co-Founder & CEO at TinyTorch.com,Provo · Location Based Services,SKIP
Matthew T. Nekvapil,https://angel.co/matthew-n,6,Superpreneur. Multi-Lingual. Personal investor in numerous startups. Strong Asian network.,Federal Territory of Kuala Lumpur · Mobile Advertising,SKIP
Russell Hinds,https://angel.co/russell-hinds,17,"Managing Director, RSH Ventures",Austin · Facebook Applications,SKIP
David Lichtblau,https://angel.co/david-lichtblau,5,CEO @ETF.com (sold to @BATS Global Markets); VP Product/Mktg @Starmine (sold to @Reuters); Co-founder @Stanford Technology Group (sold to IBM). BSEE Stanford.,San Francisco · Synthetic Biology,SKIP
Ryan Craver,https://angel.co/ryanmcraver-gmail-com,11,Retail and digital exec building brands fueled by retail tech startups. Former @lordandtaylor and @Accenture strategist.,Toronto · Robotics,SKIP
Debbie Levi,https://angel.co/debbie-levi,36,VC Business Development at AWS,New York City · B2B,SKIP
Mac Harman,https://angel.co/mac-harman,23,Entrepreneur,Silicon Valley · Social Commerce,SKIP
Mike Paulus,https://angel.co/mike-paulus,5,EIR at Formation 8. President of Addepar. Senior Associate at Anduin. Undergrad (Econ) and Masters (MS&E) at @Stanford University.,United States · Clean Technology,SKIP
Pooj Preena,https://angel.co/ppreena-a17-ai,6,"i'm founder+ceo @area17. previously, first US employee @Skype, founder @Betaworks, xCOO @OMGPOP!, first BD guy @Dropbox , US CEO ad&payments company @Hi-media.",San Francisco · Messaging,SKIP
Daniel Undurraga,https://angel.co/undurraga,11,"Entrepreneur, Software engineer and seed investor. Co-founder @Cornershop . Previously co-founded @Needish and @Clandescuento sold to @Groupon .",San Francisco · Bitcoin,SKIP
J. Bryan Scott,https://angel.co/jbryanscott,0,"Square Capital, Analytics, Risk @Square. EIR @AngelList Viral Growth @Playdom (acq. by Disney). Analytics @Cisco Umbrella . Crunchbase @TechCrunch.",San Francisco · All Markets,SKIP
David Beyer,https://angel.co/dbeyer123,32,Principal @Amplify Partners • Founder @Chartio • Founding Team @Patients Know Best • Studied at @Brown University,San Francisco · B2B,SKIP
Paul Sethi,https://angel.co/paulsethi,54,EntreprAngel @REDBOOKS | @RoBuzz | @RuggedVC,New York City · All Markets,SKIP
